epoch,loss,train_accuracy,train_precision,train_recall,train_f1,train_roc_auc,train_pr_auc,val_accuracy,val_precision,val_recall,val_f1,val_roc_auc,val_pr_auc
1,3.426515817642212,0.40962130431670124,0.12457049359149168,0.8375504217088375,0.21688348684835249,0.6290888982066533,0.12540362650081305,0.40717276924728873,0.12430759204952753,0.8393839383938394,0.2165460479636725,0.6266321003828133,0.1254491668398881
2,5.006521701812744,0.5133509914811368,0.15143351933807966,0.8657865786578658,0.2577792335407796,0.7840501997392101,0.27785448156490666,0.5086438312036937,0.1504289799809342,0.8679867986798679,0.25641858953526164,0.7863680347092301,0.28264310175496715
3,4.220911502838135,0.5530460304960985,0.16335540838852097,0.8683535020168683,0.27498112988445683,0.8204832693547938,0.36520408236794305,0.5468699667131967,0.16152116131670416,0.8690869086908691,0.27241379310344827,0.8231944267725202,0.3724176637170564
4,2.2347230911254883,0.5892690958551078,0.1780509347858089,0.8870553722038871,0.29657328511003495,0.8391740996055629,0.4056299129231332,0.5833780736604746,0.17515853925213207,0.8811881188118812,0.29222911346224006,0.840700758557531,0.41291440812261215
5,1.772598385810852,0.6219128069296299,0.19328323156411462,0.9053905390539054,0.3185600928972324,0.857105159698205,0.5028355918593987,0.6180607752603887,0.1903648269410664,0.8954895489548955,0.3139826422372228,0.8568792743148661,0.4973470906048259
6,2.3006505966186523,0.6610351492590737,0.21235389471888064,0.9127246057939127,0.3445459579180509,0.8738361830841499,0.5348868241750515,0.6565016643401697,0.20879959308240081,0.9031903190319032,0.33918611857054326,0.8711880350338698,0.5242099903558384
7,1.0749131441116333,0.693356718447992,0.22872538089929395,0.9028236156949028,0.3649840634497072,0.8871173500278114,0.560023503603247,0.6902179748738323,0.2261640798226164,0.8976897689768977,0.3613017489484171,0.882989084248739,0.5469461433667542
8,1.2125976085662842,0.7267520939222564,0.24874551971326164,0.8907224055738907,0.3888888888888889,0.8969082607624798,0.5844867611404505,0.7256523139697197,0.24708051628764596,0.8844884488448845,0.3862599087196733,0.8919813447313317,0.5698835066741422
9,2.711229085922241,0.7564607344834992,0.27046503772097735,0.8808214154748808,0.4138525155065472,0.903474193756292,0.6040659197081267,0.7535702781058735,0.26603646185010127,0.8668866886688669,0.40712994058382845,0.8981591221949421,0.586935817548154
10,1.2516871690750122,0.7786885245901639,0.28983215762588177,0.8738540520718738,0.4352908941455841,0.908534324536337,0.6201886859798085,0.7723612155052078,0.28164442841687704,0.8591859185918592,0.42422596414991853,0.9029965823807512,0.6017996152828186
11,1.103286862373352,0.7890686520151765,0.3008805031446541,0.8771543821048772,0.4480659361243795,0.9131005236231581,0.6327151799405523,0.7840652850853645,0.2927012791572611,0.8558855885588559,0.4362209139332773,0.9072727953423614,0.6147537122574456
12,1.6018723249435425,0.788639129501038,0.30157342657342656,0.8855885588558856,0.44993013507219376,0.9177712311973995,0.6447838813886797,0.7823472565231397,0.29203869047619047,0.8635863586358636,0.4364748401445649,0.9116172088413029,0.6281071770442277
13,0.9604556560516357,0.7777220989333524,0.29235721950637894,0.8991565823248991,0.44124527622818066,0.922121846074576,0.6553108090449161,0.772898099430903,0.28525641025641024,0.8811881188118812,0.43099273607748184,0.9156907837380598,0.6405122433666484
14,1.7687541246414185,0.762044527167299,0.2799910223319493,0.9149248258159149,0.4287678295239732,0.9261778808346373,0.6648960197766199,0.7566842048749061,0.2731527917084587,0.8987898789878987,0.418974358974359,0.9195986352561957,0.6531704884996239
15,0.6365206837654114,0.7430023623738278,0.2660502259115267,0.9284928492849285,0.4135903299575302,0.9296608279949278,0.6744347809292554,0.7393965424675185,0.26147077309868005,0.9152915291529153,0.40674651674407236,0.9229585262191141,0.6647032645683645
16,0.6187634468078613,0.7258930488939795,0.25509089103009835,0.9416941694169417,0.4014381741441301,0.9324510300645974,0.6827137905746133,0.7230752711263825,0.25104353011329755,0.9262926292629263,0.3950269763077645,0.9257093248591876,0.6747449770340751
17,0.6505844593048096,0.7065645357577494,0.24345868892431774,0.9519618628529519,0.38775205377147126,0.9345418834454148,0.6898326352188536,0.7031031890905186,0.2394722066254913,0.9383938393839384,0.38157011854171324,0.9279341546720117,0.6830480947369791
18,0.793923020362854,0.6890614933066075,0.23354792560801144,0.9578291162449578,0.3755301559916613,0.9360731400576493,0.6953764060476829,0.6842048749060453,0.22949946751863684,0.9482948294829483,0.36956055734190785,0.9297018707106313,0.689604569038189
19,0.613996684551239,0.6759968501682296,0.22687624147162969,0.9633296662999633,0.36725849294002516,0.937092392353749,0.6982823637258764,0.6730376892515838,0.22431595250387196,0.9559955995599559,0.3633702697052059,0.9310759609992414,0.69497359446592
20,0.6049343347549438,0.6699835349702914,0.22428874734607218,0.9684635130179685,0.36422562405185493,0.9379253111803849,0.7013025723039635,0.6656286910769892,0.22081539630286148,0.9592959295929593,0.35899547138740223,0.9322505548984219,0.6994406577136234
21,0.626506507396698,0.6710931347984823,0.22483392948390393,0.9680968096809681,0.36491810076715736,0.9388120551507506,0.70436579562162,0.6670245892837968,0.2219685438863521,0.9625962596259626,0.36075036075036077,0.9333750783455308,0.7033932585003935
22,0.5554583072662354,0.6790393013100436,0.22869565217391305,0.9644297763109644,0.36971954733956564,0.9398813580669214,0.7076496985806823,0.6778696445828412,0.22766345402448554,0.9614961496149615,0.36815501263689976,0.9345670169111152,0.7071859792037054
23,0.5827771425247192,0.6929987830195433,0.2363914924297044,0.9618628529519618,0.379512406858135,0.9411141073119912,0.7118339117957176,0.6915064962955009,0.23502428494333513,0.9581958195819582,0.37746478873239436,0.9358240797901779,0.7110835969738964
24,0.5569300055503845,0.7107523802705992,0.2473097979988673,0.9607627429409608,0.3933638615719541,0.9425154155837092,0.7168960933421326,0.7086867819177494,0.24548532731376976,0.9570957095709571,0.3907478104648551,0.9371320639917394,0.7147985471655474
25,0.5852014422416687,0.7282912162645858,0.2588736862978386,0.9574624129079574,0.4075548271286974,0.9438211462255266,0.7226013729776372,0.7273703425319445,0.2570065593321407,0.9482948294829483,0.40441003987802016,0.9383840216482381,0.7188014154100038
26,0.5862874984741211,0.745686878087193,0.2714076858813701,0.9530619728639531,0.4224985775827034,0.9448705656201521,0.727916947645025,0.7441211210136368,0.26853015075376885,0.9405940594059405,0.41778646469582215,0.9393794745966743,0.7220295533737557
27,0.5318359732627869,0.7584293793399671,0.28117519042437433,0.9475614228089475,0.43366619115549215,0.9456941317735229,0.732946095254928,0.7576505959411575,0.27901639344262297,0.9361936193619362,0.42990654205607476,0.9401992555276469,0.7247886157259312
28,0.5634435415267944,0.767306177965495,0.2884529147982063,0.9435276861019435,0.4418305142955267,0.946302593714477,0.7372803919090712,0.766777622677977,0.28643895840378764,0.9317931793179318,0.43817899637868596,0.9408815227072447,0.7272802789989188
29,0.5822786092758179,0.7734626673348128,0.293983070235644,0.9424275760909424,0.44816461766501003,0.9468578559626354,0.7415754443298241,0.7722538387200687,0.29117849758787046,0.9295929592959296,0.44345316189976386,0.9415606482114179,0.7307359485355972
30,0.6031227111816406,0.7739995704774859,0.2945825220478754,0.9431609827649432,0.4489439692791063,0.947351947654935,0.7453393779105203,0.7736497369268764,0.2924887504326757,0.9295929592959296,0.444971037388099,0.942208226058208,0.734029003214996
31,0.5200340151786804,0.770634977450068,0.2915864567999094,0.9442610927759443,0.44557881986502856,0.9477069128778994,0.7480821687850577,0.7699989262321486,0.2895186070331171,0.9328932893289329,0.4418968212610735,0.9427569720322817,0.7368204894811761
32,0.605745792388916,0.7646216622521297,0.286522462562396,0.9471947194719472,0.4399591211037302,0.9480240455920568,0.7502873307536477,0.7645227101900569,0.285140562248996,0.9372937293729373,0.4372594303310239,0.9432851662129564,0.739347566319157
33,0.5925796031951904,0.757069224711862,0.2801602772363006,0.9486615328199487,0.43257252738065377,0.9482951931172121,0.7519106597318459,0.7584022334371309,0.28095393662201895,0.9460946094609461,0.4332493702770781,0.9437509850461486,0.741052993146054
34,0.5622768402099609,0.7479060777435751,0.2729377104377104,0.9512284561789512,0.4241680974572807,0.9484740284481558,0.752873620748281,0.7493825834854504,0.27388130752142176,0.9493949394939494,0.42512315270935963,0.9441361675434561,0.7425153165815734
35,0.5465481877326965,0.7408189562602906,0.26775056596007407,0.9541620828749542,0.41815990357573324,0.948538631711465,0.753357357848697,0.7413293246000214,0.2680890538033395,0.9537953795379538,0.4185372918175235,0.9443843599019587,0.7433461416536472
36,0.6602568030357361,0.7333023122628678,0.2623264238277319,0.9559955995599559,0.4116857481247533,0.9487007253209024,0.7539259608388365,0.7329539353591753,0.2620627261761158,0.9559955995599559,0.4113609467455621,0.9447264098137563,0.7447074938431443
37,0.5119907855987549,0.7286491516930346,0.2594171292624901,0.9596626329299597,0.40842762387826764,0.948792266610475,0.7542448092134529,0.728121980027918,0.25884101040118873,0.9581958195819582,0.40758072063640616,0.9449646535334163,0.7452354746917546
38,0.5086013078689575,0.7271100293507051,0.25831605961899123,0.9596626329299597,0.407061751438793,0.9488774952092278,0.7545675658552562,0.7262965746805541,0.25782634376845837,0.9603960396039604,0.40651920838183936,0.9451454307734439,0.7455512433701555
39,0.5561603903770447,0.7275395518648435,0.25857467628743697,0.9592959295929593,0.40734973528495794,0.9490344324848043,0.7550368104454049,0.7273703425319445,0.25859004739336494,0.9603960396039604,0.4074679113185531,0.9453438799377321,0.7458682499763224
40,0.49885115027427673,0.7299735127782948,0.2600856659029784,0.9574624129079574,0.4090553031489895,0.9492347586007395,0.7559022512258996,0.7297326318050038,0.26028622540250446,0.9603960396039604,0.4095707248416608,0.9455339513008892,0.7463523056439951
41,0.5071556568145752,0.7334454864342472,0.2625276715636949,0.9567290062339567,0.412001579155152,0.9495054843101488,0.7569184827430906,0.7330613121443144,0.26257151460403494,0.9592959295929593,0.4122931442080378,0.9457946449095171,0.7471963939935923
42,0.5286915898323059,0.7382060276326151,0.26594550464333094,0.9556288962229557,0.416094523391346,0.9498644567827004,0.7582707546540238,0.7374637603350156,0.26571079926784624,0.9581958195819582,0.4160496775734416,0.9461327022754631,0.748172359727102
43,0.4990217387676239,0.7436466461450354,0.2699927393423919,0.9545287862119546,0.4209249676584735,0.9502563454288125,0.7597568444946735,0.7433694835176635,0.26981659931613305,0.9548954895489549,0.42074648570043627,0.946501980040936,0.7494320320772953
44,0.5087374448776245,0.7510559095139236,0.2754408328022095,0.9508617528419508,0.427147681410098,0.9506550558537138,0.7612867067315425,0.7509932352625363,0.2750478621569879,0.9482948294829483,0.42641602770220133,0.9468844790238186,0.7505839682826212
45,0.49691668152809143,0.7582504116257427,0.28130770066253935,0.9497616428309498,0.43405396346572817,0.9510464426845419,0.7627813002192418,0.7582948566519918,0.2808621815806662,0.9460946094609461,0.4331402669352808,0.9472647526532757,0.751722641246276
46,0.49045854806900024,0.7649080105948887,0.2869188949295462,0.9482948294829483,0.4405451448040886,0.9514406949533688,0.7642856020951305,0.7649522173306131,0.2863818424566088,0.9438943894389439,0.4394366197183099,0.9476663634949883,0.7530395133648873
47,0.5085142254829407,0.768702126136445,0.29028635597978664,0.9479281261459479,0.4444635488308116,0.9518323654189227,0.765715926298779,0.768603028025341,0.28966914247130315,0.9438943894389439,0.4432963058641178,0.9480760903315463,0.754308525536931
48,0.497825562953949,0.7697401388789462,0.2912818202297815,0.9482948294829483,0.44566996984058593,0.952228028588693,0.7670221379627511,0.7692472887361752,0.2902571041948579,0.9438943894389439,0.4439844760672704,0.9485354294591762,0.7558610249940465
49,0.48493316769599915,0.7705633903643783,0.2921792122785239,0.9493949394939494,0.4468415602347256,0.9526349353299005,0.7683158457365015,0.7687104048104799,0.28976697061803447,0.9438943894389439,0.4434108527131783,0.9489965357792324,0.7574868639494071
50,0.4982604384422302,0.7685231584222206,0.29059350503919373,0.9515951595159516,0.44522604443681907,0.9530839945549696,0.7696537062692618,0.7674218833888113,0.28888142425260327,0.9460946094609461,0.442614513638703,0.9495429909483095,0.7595040380274787
51,0.4855242371559143,0.7665545135657528,0.28890866614751365,0.9523285661899523,0.44332536701946057,0.9534743559371736,0.7708251263899065,0.7655964780414475,0.2876666666666667,0.9493949394939494,0.4415451522128422,0.9500241254491941,0.7610715224235398
52,0.49055054783821106,0.7632257140811798,0.2861386138613861,0.9537953795379538,0.44021325209444023,0.9537837941503086,0.7717197578464198,0.7618382905615806,0.2843492586490939,0.9493949394939494,0.43762677484787016,0.9504120569124974,0.762313456615448
53,0.49593284726142883,0.7599685016822965,0.28344399695221506,0.9548954895489549,0.4371327849588719,0.9541013777709529,0.772463352180393,0.7584022334371309,0.2818093068662545,0.9526952695269527,0.4349573078854847,0.950784214547109,0.7634685204814754
54,0.4866945147514343,0.7558522442551364,0.27998710232158214,0.9552621928859553,0.4330479594381182,0.9543950924385207,0.7732459229093276,0.7553956834532374,0.279407025459233,0.9537953795379538,0.4322033898305085,0.951110686984929,0.7645763988731028
55,0.4837134778499603,0.7535256639702198,0.2781866666666667,0.9563623028969563,0.43100313997686335,0.954628589272001,0.7739095561714093,0.7534629013207345,0.27808,0.9559955995599559,0.43083787803668816,0.9513520723800128,0.7655437697804532
56,0.49137571454048157,0.7510559095139236,0.27634363097757086,0.9578291162449578,0.4289350521389277,0.9548206827082032,0.7743507567672342,0.7508858584773972,0.27638668779714737,0.9592959295929593,0.42913385826771655,0.951572382369127,0.7662564971392959
57,0.4913862347602844,0.7497673419715083,0.2754371181799031,0.9589292262559589,0.4279518860977007,0.9549990162238626,0.7748086124568387,0.7498120906260066,0.2756551941900853,0.9603960396039604,0.4283611383709519,0.9517449781627377,0.7666925825067354
58,0.4843902289867401,0.7489082969432315,0.2747899159663866,0.9592959295929593,0.4272066628562097,0.9551847606058188,0.7753681129559522,0.7501342209814238,0.27605811749842074,0.9614961496149615,0.42895705521472394,0.9518910660699577,0.7669091405302462
59,0.48417505621910095,0.7492304388288353,0.2750499421722216,0.9592959295929593,0.4275208367380291,0.955356272342689,0.7760241543455515,0.750456351336841,0.2761784245491933,0.9603960396039604,0.42899262899262897,0.9520414083293146,0.767321027962666
60,0.48292315006256104,0.7509127353425442,0.2763213530655391,0.9585625229189586,0.4289817018134077,0.9555066060200352,0.7769230180149308,0.7528186406099001,0.27811404906021026,0.9603960396039604,0.43132411067193677,0.9521876271396774,0.7679432630075351
61,0.4880186915397644,0.7534898704273749,0.2784405624201108,0.9585625229189586,0.4315311597193562,0.9556486124727396,0.7777264030116045,0.754536669172125,0.2793976289650753,0.9592959295929593,0.4327543424317618,0.9523047854523673,0.7685429228469087
62,0.4926719665527344,0.7557090700837569,0.2802445302445302,0.9581958195819582,0.4336569579288026,0.9558378331982578,0.7786193156035595,0.756576828089767,0.28082633957391867,0.9570957095709571,0.4342400798602446,0.9524643563832823,0.7695106027772888
63,0.4842512011528015,0.7578566826544492,0.282059585492228,0.9581958195819582,0.43582687015261445,0.9560515992365833,0.7798221663483202,0.7585096102222699,0.2824675324675325,0.9570957095709571,0.4361995487590875,0.9526527260055849,0.7707124948307851
64,0.49275869131088257,0.7607201660820389,0.28446961446307995,0.9578291162449578,0.4386598370979931,0.9562822015413236,0.7812042524945849,0.760657145925051,0.2841726618705036,0.9559955995599559,0.4381144441643559,0.9528454154315955,0.7718702995453116
65,0.4858444631099701,0.7629751592812657,0.2864349161092225,0.9578291162449578,0.4409927401654567,0.9565496836330997,0.7825997320199872,0.762697304842693,0.285667215815486,0.9537953795379538,0.4396551724137931,0.953163640971427,0.7732142651764276
66,0.47581928968429565,0.76455007516644,0.28768331679347225,0.9567290062339567,0.4423533401152933,0.9567890931597094,0.7840458348761499,0.7637710726940835,0.2866115702479339,0.9537953795379538,0.4407727503812913,0.9534469153721653,0.7747483615312281
67,0.46850600838661194,0.7658386427088554,0.288829846119783,0.9567290062339567,0.4437074829931973,0.9569952083331242,0.7854328947874998,0.7658112316117256,0.2884231536926148,0.9537953795379538,0.442911877394636,0.9536981185029498,0.7761127341324842
68,0.4703676998615265,0.767878874651013,0.2906639928698752,0.9567290062339567,0.44586858070580193,0.95720318531397,0.7867663217033711,0.7660259851820036,0.28847435043304465,0.9526952695269527,0.44285349015597036,0.9539686952988492,0.7776946303894264
69,0.48891788721084595,0.7682726036223065,0.29102063580591186,0.9567290062339567,0.44628806021211087,0.9574085223100601,0.7881767707024259,0.7669923762482551,0.2892009361417586,0.9515951595159516,0.44358974358974357,0.9542188512044922,0.7793687083721663
70,0.4675861597061157,0.7690600615648937,0.2917365537291737,0.9567290062339567,0.44712939160239934,0.9575763031593838,0.789358203831574,0.7676366369590895,0.28992299966521595,0.9526952695269527,0.44455852156057496,0.9543998902508052,0.7806572907971979
71,0.4714219570159912,0.769811725964636,0.29237668161434976,0.9563623028969563,0.44784064565982656,0.9577695165891189,0.790615565748467,0.7690325351658971,0.29119031607262946,0.9526952695269527,0.44604687097604945,0.9545955904490974,0.7818897929598613
72,0.4735666811466217,0.7704202161929988,0.29293496574188477,0.9563623028969563,0.4484952708512468,0.9579746281319654,0.7920409133834191,0.7697841726618705,0.2918773171553758,0.9526952695269527,0.44685242518059853,0.9548162931476393,0.7831569024391898
73,0.47379857301712036,0.7708139451642924,0.29325084364454446,0.9559955995599559,0.4488249978479814,0.958189157802245,0.793405963138607,0.770643186942983,0.292806484295846,0.9537953795379538,0.448062015503876,0.9550506097730191,0.7843475482302691
74,0.4733823835849762,0.7714940224783449,0.2938324501071147,0.9556288962229557,0.4494653328734046,0.9584002984011859,0.7946007267386652,0.7709653172984001,0.29310344827586204,0.9537953795379538,0.4484096198603569,0.9552731451155587,0.7854748561022644
75,0.46567878127098083,0.7700622807645501,0.29265283230510375,0.9567290062339567,0.4482047758117162,0.9585995627050706,0.7957409835187415,0.7698915494470095,0.2921159029649596,0.9537953795379538,0.44725303069383543,0.9555213374740614,0.7866935593999359
76,0.46640947461128235,0.7688810938506694,0.29157353598569513,0.9567290062339567,0.4469379014989293,0.958753205454217,0.796633812987778,0.7683882744550629,0.2910247823174816,0.9559955995599559,0.4462130937098845,0.9557196557352071,0.7876046359855726
77,0.4711154103279114,0.7683799842508412,0.2910247823174816,0.9559955995599559,0.4462130937098845,0.9589384552935745,0.7976848686050363,0.7681735208847847,0.2911096256684492,0.9581958195819582,0.44655216611125353,0.9559387875960371,0.7887452689014022
78,0.4680934548377991,0.7686663325936001,0.29142474318892364,0.9570957095709571,0.4468030471625439,0.95909733437612,0.7988629388908169,0.7692472887361752,0.29194630872483224,0.9570957095709571,0.44741578812033944,0.9561179939983528,0.7898074213404763
79,0.46263301372528076,0.770098074307395,0.2926391382405745,0.9563623028969563,0.44814846636308964,0.9592239518267801,0.7997757076394746,0.7701063030172877,0.2927321668909825,0.9570957095709571,0.4483380572017521,0.9562269708646258,0.7904371986138344
80,0.4703652560710907,0.7705991839072232,0.2930995729377388,0.9563623028969563,0.44868817204301076,0.9593463656653505,0.8006416268416083,0.770750563728122,0.29346361185983827,0.9581958195819582,0.449316481815837,0.9563405293408923,0.7913323362188752
