feature,mean_abs_shap_value
54,0.88335335
60,0.8083635
91,0.66402596
3,0.46596536
6,0.28480205
17,0.268491
162,0.26179257
90,0.2465047
133,0.2442585
4,0.23782651
128,0.23440483
81,0.22797093
126,0.22536847
59,0.2235799
56,0.22174524
66,0.1890745
53,0.15159206
164,0.14579953
98,0.13276282
42,0.1284608
9,0.12262438
47,0.110840924
137,0.11008621
101,0.110080846
89,0.105159566
122,0.10502034
139,0.1010947
44,0.100342065
2,0.09425832
50,0.09378753
65,0.09117346
24,0.085087806
18,0.082924426
55,0.08180033
19,0.08021534
77,0.07936157
26,0.07806924
131,0.07514949
104,0.07384506
138,0.069299825
102,0.06812182
10,0.0678415
80,0.06698419
156,0.06421849
150,0.062552206
159,0.062484194
62,0.062241655
95,0.06187615
165,0.061868735
78,0.060515776
108,0.060383927
143,0.05655493
48,0.056384295
92,0.05607724
12,0.055585302
132,0.05302241
85,0.052411456
140,0.05168387
155,0.051495854
107,0.051172007
149,0.048874434
103,0.048278626
96,0.047271356
141,0.04672893
116,0.046359275
84,0.04560997
25,0.045375098
23,0.04458482
145,0.0433058
15,0.04270029
110,0.04213904
161,0.04138849
158,0.041306842
49,0.040902514
79,0.04062707
5,0.03972138
144,0.039411843
30,0.038989954
68,0.0382665
32,0.038211726
82,0.037347957
163,0.036467467
41,0.035862543
152,0.033094257
146,0.03306554
11,0.031968627
99,0.030623347
74,0.0288429
160,0.027143158
125,0.027020043
109,0.02584958
97,0.025357846
20,0.025070041
36,0.023952475
157,0.02392583
153,0.023802629
119,0.02378514
58,0.023727722
29,0.02270912
73,0.022251712
151,0.021432154
127,0.02108617
7,0.020547783
57,0.019907407
100,0.019779462
13,0.019092392
31,0.01854267
147,0.018419363
120,0.01831952
61,0.017952265
86,0.016900586
134,0.016630648
135,0.016586965
124,0.016415665
67,0.016095411
111,0.015584781
93,0.015066705
14,0.014645143
43,0.014639843
123,0.0134723745
115,0.010669123
166,0.010315421
105,0.01000912
113,0.009859232
129,0.009804432
46,0.009515182
114,0.009338835
33,0.00923535
136,0.00918432
112,0.0090652555
72,0.007995658
121,0.007950037
106,0.0075419005
87,0.007278531
37,0.007158661
45,0.0070613474
130,0.006927803
21,0.0065904325
148,0.00642069
28,0.0062742224
142,0.0060683023
51,0.006014678
27,0.0048081507
94,0.004760172
83,0.00457383
118,0.004233509
52,0.0040735314
35,0.004066701
117,0.003858633
63,0.0037732716
22,0.0031751052
38,0.0030890107
154,0.002334663
75,0.0017893373
70,0.001624298
34,0.0013138938
88,0.0012588379
71,0.000818658
8,0.00060140307
39,0.00050347246
76,0.00035449746
64,0.00035078765
69,0.00024620033
16,0.0
40,0.0
