feature,importance
91,0.0976585
60,0.06298808
66,0.05236812
54,0.048797976
6,0.04551844
15,0.03253503
47,0.028793935
154,0.026787898
164,0.025613282
50,0.023274336
81,0.02151408
133,0.021399252
162,0.01635972
42,0.014596956
32,0.013814964
126,0.012888216
82,0.012887749
161,0.011805738
48,0.011222717
17,0.011170735
59,0.009975629
56,0.009129071
78,0.00883007
44,0.008402177
26,0.008240372
140,0.007620375
128,0.007475831
155,0.0072427834
65,0.0071244696
24,0.006987176
163,0.006790223
4,0.006601801
30,0.0065754084
80,0.006342484
87,0.006289273
159,0.0061312024
18,0.006053231
153,0.0058158687
77,0.00578267
104,0.0055701104
90,0.0052677887
3,0.004871571
122,0.0048511643
137,0.0047833486
101,0.004688561
2,0.004580893
149,0.0038183415
31,0.003814368
160,0.003718363
70,0.0036747062
147,0.0036259573
19,0.0035585968
58,0.0035456647
165,0.003311823
132,0.0032894185
43,0.003244103
102,0.0031878909
49,0.0031358409
25,0.003072051
135,0.0028968016
52,0.0028692347
53,0.0028286343
138,0.0027954283
5,0.0027729867
113,0.0026794458
131,0.002662273
33,0.002611501
68,0.002602565
57,0.0025536038
55,0.0025399167
11,0.0025293466
63,0.002489124
38,0.002487909
108,0.0024874138
120,0.0024814794
148,0.0024446668
121,0.002418437
143,0.002394104
10,0.0023710313
117,0.002364509
103,0.0023329586
156,0.0023109952
127,0.0022669423
86,0.002250595
46,0.0022017953
41,0.0021986663
98,0.002185184
145,0.0021601543
111,0.002153805
79,0.0021449341
92,0.0021388242
36,0.0021265289
99,0.0020998581
28,0.0020885137
74,0.002067897
150,0.0020499534
35,0.0020392225
62,0.0019986024
12,0.001987524
105,0.0019396568
139,0.0019355961
109,0.0019288162
45,0.0019242546
7,0.001921631
22,0.0019165761
89,0.0018968971
93,0.001891966
95,0.0018885474
166,0.0018840582
20,0.0018769777
146,0.0018654382
97,0.0018542425
110,0.0018325571
96,0.0018103046
144,0.0018089319
23,0.0017958478
107,0.0017713145
61,0.0017517846
9,0.0017189478
13,0.0017078336
142,0.0016977626
94,0.0016957626
141,0.0016852738
152,0.0016727694
51,0.0016540433
123,0.0016450537
100,0.0016338555
88,0.0016147383
124,0.0015946018
85,0.0015720302
157,0.0015559333
158,0.0015477544
129,0.001543574
151,0.0015335225
119,0.0015266564
67,0.0015243664
29,0.0015241451
14,0.0015076033
114,0.0014916359
115,0.0014717225
116,0.001471389
136,0.0014458233
125,0.0014381579
39,0.0014020314
106,0.001379286
69,0.0013495357
83,0.0013430186
84,0.0013399026
72,0.0013172965
112,0.0011762647
64,0.0011294582
130,0.0011213844
75,0.0011204922
34,0.0011095155
73,0.001027422
134,0.0009975011
118,0.00097490696
27,0.00095434085
37,0.0008862826
76,0.00080170896
21,0.00079672533
8,0.00070023007
71,2.6090247e-06
16,0.0
40,0.0
