feature,importance_mean,importance_std
60,0.011360314683460326,0.0021149684084212895
3,0.00845732769957792,0.0015563974656222488
54,0.0050924524631181575,0.0012474777011832487
4,0.002263181163433692,0.00031944180102643437
91,0.0019476505263867684,0.0006915330885072867
17,0.0018857633851440125,0.0006114437501400687
6,0.0016549072292825207,0.0009699426702374802
162,0.0012849092409749963,0.00071312961856049
81,0.001244728711429044,0.00038158979570706447
101,0.0012213965941143545,0.0003018714942900865
59,0.0011694459466473628,0.0005655987132503671
137,0.001138960255546495,0.0005796214903373589
128,0.0011169501794865422,0.0006990756139661121
56,0.0010602505431258845,0.000411348300599427
102,0.0010567321849174638,0.00015711179864597255
89,0.000954720629017669,0.00020785799276683273
90,0.0008564880208580927,0.0005130177914557618
9,0.0007808075604355702,0.00033765920457093086
131,0.0007743569245506788,0.00017746190985056228
53,0.0007474913731579491,0.0004007213128368427
109,0.0005042461291405731,0.00015340979099665324
65,0.0004911173997070417,0.00011872999180371338
138,0.0004725550376341703,0.0002652484843612158
66,0.0004666390806568721,0.0004883473553947591
77,0.00045832912616312617,0.00010605118050205644
140,0.000429829232729273,0.00019450813888503303
165,0.00042193318527021794,0.00030975862714694965
2,0.00038518120252091227,0.0005348117587724623
139,0.0003811254991166857,0.00021580760917055966
19,0.00037418936898294677,0.00036749453984979134
104,0.00037404105995597625,0.00023870337535014587
122,0.0003709472449755502,0.0003264953700875473
50,0.0003644615011974883,0.00010587616182643562
42,0.00035881265781421143,0.00038397967349591497
44,0.0003447471561269122,0.0002764053471655708
18,0.00034302883253038984,0.00042021450737913174
26,0.0003362781239177215,0.00016397882117278017
78,0.000323636450568876,0.00025670240228973634
143,0.0003122435862668027,0.00018228734342414456
7,0.00028769570729181293,0.00010230360094873698
49,0.00026868382904425835,0.00015298919099626326
149,0.0002654275569223596,0.0001712390307066243
153,0.000261748961165309,2.8256098466560804e-05
24,0.00025375517920005474,0.00023117498030905461
126,0.0002489263438385736,0.0007103857396489276
96,0.00024732558518985036,0.0002194927713625194
134,0.0002457842007338229,8.298137082005677e-05
41,0.00024576844645047836,0.00016523128047990352
14,0.0002447217677174596,9.759212128592551e-05
164,0.00024137363828053983,0.00041135849142249516
103,0.00023151429186849538,8.456273083313176e-05
127,0.00022998743799469424,4.1145107201686174e-05
74,0.00021944722187541287,8.958584373763022e-05
158,0.00021648217206617914,9.767047295074147e-05
152,0.00020469577250350479,8.136893327507197e-05
92,0.00019774329470108044,0.0002611549939669655
107,0.0001940131430103298,0.00010903267957703677
48,0.0001903753023436261,0.00014337822118371985
12,0.00018789200546593944,0.00023013639956522434
47,0.00018453580663950752,0.0003151628115821141
133,0.0001830381502067713,0.00037845531445520263
10,0.0001724953902619175,0.0004044291835001439
141,0.00015365200790260492,0.00014177207120296737
67,0.00014736027324846468,4.441755029138531e-05
119,0.0001395219721412655,0.0001253156737016101
136,0.0001386535896061414,4.85154590163666e-05
80,0.00013496064346136817,0.0001993442458992822
11,0.00012984797397230796,0.00014461951970262126
55,0.00011941836458762012,0.00010357141875151213
83,0.00011470710733738621,2.1662357340894868e-05
93,0.00011389560203260985,5.2011427546977626e-05
32,0.00011230891914459917,0.0001420023494135125
27,0.00010857274135285255,4.15632172976802e-05
116,0.00010495583620735438,0.00014062337095539396
148,0.00010152474399891532,1.6574404992111452e-05
15,9.91729839162403e-05,0.00018374548581817396
163,9.773418141019174e-05,0.00011336656575462702
135,9.630900066512905e-05,3.684112589397086e-05
68,9.56077922575016e-05,0.00010710082398884944
85,9.0207809726639e-05,0.0002790638682970186
117,8.913495709514941e-05,2.4023811851317256e-05
110,6.762104722575213e-05,0.00017967725533998076
29,6.231872630857449e-05,8.910157607139725e-05
21,6.190524772260453e-05,2.6708082785621226e-05
151,6.178440513417982e-05,0.00012034297884450413
13,6.0119097654087736e-05,4.689092777289637e-05
105,6.0018601309219655e-05,4.0071316722511746e-05
82,5.814220726467756e-05,6.160508485135594e-05
124,5.623569080586144e-05,4.7086432006444916e-05
58,5.4702788368521384e-05,0.00013576115008714158
52,5.161286035160195e-05,1.640183195130921e-05
125,4.3940508174178386e-05,7.375569111646781e-05
160,4.334803699783674e-05,7.097324779881753e-05
31,4.169366126123286e-05,0.0001228654878277432
36,4.0494906279175955e-05,0.00011938993053736468
118,3.62572911464687e-05,2.486077869078969e-05
166,3.149998967983958e-05,6.208806231429303e-05
28,2.8903826105786125e-05,4.328366713208263e-05
37,2.852362228453753e-05,4.61115811544803e-05
115,2.842113890211273e-05,4.074966757863349e-05
94,2.6463695981004952e-05,4.7233410470720774e-05
72,2.598618659694907e-05,4.760262291354179e-05
146,2.500128732256801e-05,7.760605208114703e-05
34,2.4777124341879285e-05,4.222373542183332e-06
154,2.3303539844832245e-05,7.897611906898058e-06
51,2.2824620555383925e-05,2.8096746945481632e-05
147,2.0812554550175833e-05,4.4187897034148075e-05
63,1.823780896501592e-05,7.655968505031054e-06
38,1.4611373518591541e-05,1.8277011076440117e-05
75,1.4568217300414687e-05,6.943424835856188e-06
87,1.3354765204942609e-05,1.2492183147562818e-05
120,1.2849839235640204e-05,6.538589187869543e-05
108,1.2764469847392768e-05,0.0002073409040860208
86,1.2513825803850408e-05,5.086822455605437e-05
88,5.719333596121423e-06,1.1651394872949122e-05
43,5.596478050429177e-06,4.3997006944514786e-05
142,5.0236405665815555e-06,2.9181569647398456e-05
155,4.3722232313081475e-06,0.0003390920352216948
106,3.228390470733089e-06,3.844800240336803e-05
35,1.6359906735097241e-06,5.595862245528237e-06
64,1.2229842746291908e-06,1.4287967415830574e-06
76,8.4390306291926e-07,1.68780612583852e-06
39,6.296366255931219e-07,1.2592732511862437e-06
22,3.2938638780954934e-07,1.2042099631898701e-05
71,2.0385489607477325e-07,4.0770979214954655e-07
40,0.0,0.0
16,0.0,0.0
8,-1.4408772211149668e-06,1.8834248276089483e-06
130,-3.033283695264011e-06,2.598996116239673e-05
57,-3.465496154886338e-06,7.2798386820482e-05
79,-3.60582325173997e-06,0.00013451212315005592
99,-8.827453264648178e-06,7.588344903244472e-05
69,-1.1544940477925536e-05,8.107543052158599e-06
70,-1.4245180905403388e-05,4.979272007013357e-06
112,-1.84922393556608e-05,2.6232126833988664e-05
73,-2.3573958669498297e-05,5.074153778896116e-05
121,-2.7960313975361474e-05,7.411898247031022e-05
33,-3.743857205837919e-05,4.9073809842858304e-05
100,-3.777694583080304e-05,7.264824028569118e-05
84,-4.1672509918910804e-05,7.871616770864304e-05
157,-4.323349179837788e-05,8.971927222357678e-05
45,-5.027848886178799e-05,4.578736553961807e-05
46,-5.0426194037056504e-05,6.383069346819063e-05
61,-5.168301848361701e-05,7.581255577325854e-05
129,-5.243943108095284e-05,1.960693562165257e-05
62,-6.337114906862507e-05,0.0001251710104252346
5,-6.471978998285887e-05,0.00011805072382507271
114,-6.911946275454107e-05,8.666300068568918e-05
25,-7.899950990502003e-05,0.00012324134835345107
111,-8.092903183889443e-05,3.773475492595533e-05
23,-9.747745576322852e-05,6.792344571996668e-05
113,-0.00010090052933087179,8.788798609999722e-05
95,-0.00010662477736764764,0.00011052055320559463
123,-0.00010887763449463073,7.931770510571257e-05
97,-0.00010990218696160792,0.00025451165957209075
161,-0.00011108116154745495,0.0001367913541175201
159,-0.000115862268822009,8.522090117698644e-05
145,-0.0001374019289456907,0.0001512563405795378
20,-0.00013807733834030332,0.00010781920677238753
30,-0.0001670450818741953,0.0001039088809053558
132,-0.00030221443330551433,0.00016522965137800183
98,-0.0003098457318270409,0.000498876533519775
156,-0.0003232863455130186,0.00017122272257564185
144,-0.00034199088757329575,8.535168280176806e-05
150,-0.000553764781805155,0.00035328915376244094
